12:07:06 PM	I1 A1 - Same As 4X - BPGHS 101 2010	Y=	Function	Math 1	Math 2	Math 3	Social 1	Social 2	Social 3	Hit/No-Hit	ALL
37	[tyt101]	Y2	2X+2X	VASM			N			HIT	ALL
37	[tyt101]	Y1	4X	S			N			HIT	ALL
58	[mkw101]	Y2	2X+2X	VASM			N			HIT	ALL
58	[mkw101]	Y1	4X	S			N			HIT	ALL
61	[fbr101]	Y2	2X+2X	VASM			N			HIT	ALL
61	[lec101]	Y2	2X+2X	VASM			N			HIT	ALL
61	[fbr101]	Y1	4X	S			N			HIT	ALL
61	[lec101]	Y1	4X	S			N			HIT	ALL
68	[lah101]	Y2	2X+2X	VASM			N			HIT	ALL
68	[lah101]	Y1	4X	S			N			HIT	ALL
70	[kjg101]	Y2	2X+2X	VASM			N			HIT	ALL
70	[kjg101]	Y1	4X	S			N			HIT	ALL
101	[gmf101]	Y2	2X+2X	VASM			N			HIT	ALL
101	[gmf101]	Y1	4X	S			N			HIT	ALL
102	[ywx101]	Y2	2X+2X	VASM			N			HIT	ALL
102	[ywx101]	Y1	4X	S			N			HIT	ALL
107	[nas101]	Y2	2X+2X	VASM			N			HIT	ALL
108	[nas101]	Y1	4X	S			N			HIT	ALL
144	[nyh101]	Y3	1X+3X	VASM			N			HIT	ALL
144	[nyh101]	Y2	2X+2X	VASM			N			HIT	ALL
144	[nyh101]	Y1	4X	S			N			HIT	ALL
144	[nyh101]	Y4	8X-4X	VASM			N			HIT	ALL
151	[tyt101]	Y3	3X+X	VASM			N			HIT	ALL
151	[tyt101]	Y4	4X+0	S			N			HIT	ALL
165	[lss101]	Y3	1X+1X+1X+1X	VASM			MT			HIT	ALL
165	[lss101]	Y4	2X*2	VASM			N			HIT	ALL
165	[lss101]	Y2	2X+2X	VASM			N			HIT	ALL
166	[lss101]	Y1	4X	S			N			HIT	ALL
169	[cmk101]	Y3	1X+1X+1X+1X	VASM			MT			HIT	ALL
169	[cmk101]	Y4	1X+1X+2X	VASM			N			HIT	ALL
169	[cmk101]	Y2	2X+2X	VASM			N			HIT	ALL
170	[cmk101]	Y1	4X	S			N			HIT	ALL
226	[vth101]	Y4	100X-96X	VASM			N			HIT	ALL
226	[vth101]	Y1	4X	S			N			HIT	ALL
226	[vth101]	Y2	5X-X	VASM			N			HIT	ALL
226	[vth101]	Y3	6X-2X	VASM			N			HIT	ALL
232	[tyt101]	Y3	3X+7X	VASM			N			NO-HIT	ALL
232	[tyt101]	Y4	9X+X	SNO			N			NO-HIT	ALL
233	[tyt101]	Y1	10X	SNO			N			NO-HIT	ALL
233	[tyt101]	Y2	2X+8X	VASM			N			NO-HIT	ALL
234	[ywx101]	Y4	32X-28X	VASM			N			HIT	ALL
234	[ywx101]	Y3	8X-4X	VASM			N			HIT	ALL
240	[mkw101]	Y2	30X-3X	SNO			N			NO-HIT	ALL
240	[mkw101]	Y1	9X*3	SNO			N			NO-HIT	ALL
241	[tmt101]	Y2	2X+2X	VASM			N			HIT	ALL
241	[tmt101]	Y1	4X	S			N			HIT	ALL
241	[tmt101]	Y3	5X-X	VASM			N			HIT	ALL
241	[tmt101]	Y4	8X/2	R			N			HIT	ALL
245	[tmj101]	Y1	(2^2)X	ASMD			N			HIT	ALL
247	[lah101]	Y3	1X+3X	VASM			N			HIT	ALL
247	[lah101]	Y4	5X+2X-2X-1X+2X-2X	A0			MT			HIT	ALL
248	[hyx101]	Y4	(2^2)X	ASMD			N			HIT	ALL
248	[fbr101]	Y3	1X*4	VASM			N			HIT	ALL
248	[hyx101]	Y3	2X*2	VASM			N			HIT	ALL
248	[hyx101]	Y2	2X+2X	VASM			N			HIT	ALL
248	[fbr101]	Y4	3X+X	VASM			N			HIT	ALL
249	[hyx101]	Y1	4X	S			N			HIT	ALL
252	[lec101]	Y4	16X/4	R			N			HIT	ALL
252	[lec101]	Y3	2X+2X	VASM			N			HIT	ALL
252	[lec101]	Y2	8X/2	R			N			HIT	ALL
259	[tjs101]	Y2	2X*2	VASM			N			HIT	ALL
259	[tjs101]	Y3	4X*1	VASM			N			HIT	ALL
259	[tjs101]	Y4	X+X+X+X	VASM			MT			HIT	ALL
260	[tjs101]	Y1	4X	S			N			HIT	ALL
267	[txl101]	Y1	(10X+98X)/9X	R			N			NO-HIT	ALL
267	[txl101]	Y2	9X+3X	S			N			NO-HIT	ALL
272	[cgh101]	Y4	(2^2)X	ASMD			N			HIT	ALL
272	[cgh101]	Y3	1X+3X	VASM			N			HIT	ALL
273	[cgh101]	Y1	4X	S			N			HIT	ALL
274	[lxj101]	Y3	((2X)^2)	VASM			N			NO-HIT	ALL
274	[lxj101]	Y2	2X+(1+1)X	VASM			N			HIT	ALL
274	[lxj101]	Y1	4X	S			N			HIT	ALL
274	[lxj101]	Y4	9X-5X	VASM			N			HIT	ALL
280	[lrw101]	Y4	1X+1X+1X+1X	VASM			MT			HIT	ALL
280	[lrw101]	Y3	1X+3X	VASM			N			HIT	ALL
280	[lrw101]	Y2	2X+2X	VASM			N			HIT	ALL
281	[lrw101]	Y1	4X	S			N			HIT	ALL
282	[lzh101]	Y3	1X+3X	VASM			N			HIT	ALL
282	[lzh101]	Y2	2X+2X	VASM			N			HIT	ALL
282	[lzh101]	Y4	3X+1X	VASM			N			HIT	ALL
282	[lzh101]	Y1	4X	VASM			N			HIT	ALL
283	[cyr101]	Y2	-18X+22X	VASM			N			HIT	ALL
283	[cyr101]	Y4	36X/9	R			N			HIT	ALL
283	[cyr101]	Y1	4X	S			N			HIT	ALL
283	[cyr101]	Y3	9X-5X	VASM			N			HIT	ALL
286	[tyk101]	Y2	2X+2X	VASM			N			HIT	ALL
286	[tyk101]	Y4	3X-1X+2X-2X+2X	A0			MT			HIT	ALL
286	[tyk101]	Y3	3X+1X	VASM			N			HIT	ALL
286	[tyk101]	Y1	4X	S			N			HIT	ALL
299	[nas101]	Y3	1*4X	VASM			N			HIT	ALL
299	[nas101]	Y4	8X/2	R			N			HIT	ALL
305	[ywj101]	Y2	10X-6X	VASM			N			HIT	ALL
305	[ywj101]	Y4	16X/4	R			N			HIT	ALL
305	[ywj101]	Y3	3X+X	VASM			N			HIT	ALL
305	[ywj101]	Y1	4X	S			N			HIT	ALL
306	[lhm101]	Y4	2X*2	VASM			N			HIT	ALL
306	[lhm101]	Y2	2X+2X	VASM			N			HIT	ALL
306	[lhm101]	Y1	3X+1X	VASM			N			HIT	ALL
306	[lhm101]	Y3	X*4	VASM			N			HIT	ALL
325	[csh101]	Y4	(1000X/250)*4/4	R			MT			HIT	ALL
325	[csh101]	Y3	100X/25	R			N			HIT	ALL
325	[csh101]	Y2	2X+2X	VASM			N			HIT	ALL
325	[csh101]	Y1	600X/150*999/999	R1			MT			HIT	ALL
351	[cgh101]	Y2	(2^2)X+2X-2X*10/2/5.0	R1	A0		MT			HIT	ALL
353	[gmf101]	Y1	976485X	SNO			BN			NO-HIT	ALL
353	[gmf101]	Y3	976485X	SNO			BN			NO-HIT	ALL
355	[czw101]	Y4	(2^2)X	ASMD			N			HIT	ALL
355	[czw101]	Y3	3X+X	VASM			N			HIT	ALL
355	[czw101]	Y2	8X/2	R			N			HIT	ALL
356	[czw101]	Y1	4X	S			N			HIT	ALL
359	[lah101]	Y4	5X+2X-2X-1X+2X-2X+2X-2X+2X-2X+2X-2X	A0			MT			HIT	ALL
385	[cyw101]	Y3	2X*2	VASM			N			HIT	ALL
385	[cyw101]	Y2	2X+2X	VASM			N			HIT	ALL
385	[cyw101]	Y1	4X	S			N			HIT	ALL
385	[cyw101]	Y4	6X-2X	VASM			N			HIT	ALL
397	[gmf101]	Y1	9.80E+017	SNO			BN			NO-HIT	ALL
397	[gmf101]	Y2	7676451958456-4649584	SNO			BN			NO-HIT	ALL
406	[lhm101]	Y4	2X-2X+5X-1X	A0			MT			HIT	ALL
409	[nyh101]	Y1	8X+7X-11X+8X+7X-15X+2X+8X-10X	A0			MT			HIT	ALL
429	[fd101]	Y2	2X+2X	VASM			N			HIT	ALL
429	[fd101]	Y3	3X+X	VASM			N			HIT	ALL
429	[fd101]	Y1	4X	S			N			HIT	ALL
429	[fd101]	Y4	X+X+X+X	VASM			N			HIT	ALL
430	[cgh101]	Y2	(2^2)X+2X-2X*10/2/5.0+9999/3333-3	R1	A0		MT	BN		HIT	ALL
431	[wxy101]	Y4	10X+10X-16X	VASM			N			HIT	ALL
431	[wxy101]	Y3	5X-X	VASM			N			HIT	ALL
432	[wxy101]	Y1	4X	S			N			HIT	ALL
432	[wxy101]	Y2	X+3X	VASM			N			HIT	ALL
438	[lxj101]	Y3	(2X)+(2X)	VASM			N			HIT	ALL
439	[lxj101]	Y1	100000X-99996X	VASM			BN			HIT	ALL
439	[ywx101]	Y4	8495469(4)	SNO			BN			NO-HIT	ALL
440	[lah101]	Y4	5X+2X-2X-1X+2X-2X+2X-2X+2X-2X+2X-2X+2X-2X+2X-2X	A0			MT			HIT	ALL
440	[ywx101]	Y3	64667954-9	SNO			BN			NO-HIT	ALL
440	[ywx101]	Y2	6467-959	SNO			BN			NO-HIT	ALL
441	[ywx101]	Y1	4556666363	SNO			BN			NO-HIT	ALL
448	[kjg101]	Y4	2X*2	VASM			N			HIT	ALL
449	[kjg101]	Y2	16X/4	R			N			HIT	ALL
449	[kjg101]	Y3	4X*1	VASM			N			HIT	ALL
458	[nje101]	Y3	9	SNO			N			NO-HIT	ALL
458	[nje101]	Y1	(9^2)+(24^2)*9(X^2)-6X	SNO			MT			NO-HIT	ALL
458	[nje101]	Y2	X+-(X^2)+6X+3	SNO			MT			NO-HIT	ALL

